name,email,gender,address
Phoebe,pmontague0@sciencedirect.com,Female,217.175.194.88
Jonathan,johms1@theguardian.com,Male,150.208.114.181
Kali,kbalam2@telegraph.co.uk,Female,167.22.47.113
Lavinie,ljeanet3@i2i.jp,Female,2.85.61.224
Gabriel,gkamen4@jugem.jp,Male,153.1.144.70
Olvan,okachel5@newyorker.com,Male,102.30.80.141
Job,jdanahar6@imdb.com,Male,99.145.130.137
Yanaton,ybittlestone7@apple.com,Male,91.25.135.143
Madelle,mseys8@virginia.edu,Female,4.187.253.217
Basile,bkubacek9@mysql.com,Male,60.145.128.248
Ermentrude,emcmeekinga@skyrock.com,Female,197.103.210.127
Anallise,aallibertonb@engadget.com,Female,38.117.56.165
Irving,iissacoffc@hc360.com,Male,146.242.146.149
Odelia,oyushachkovd@clickbank.net,Female,210.9.235.46
Jacinta,jhammane@umich.edu,Female,253.182.61.206
Terrance,tcissellf@studiopress.com,Male,171.230.128.207
Hannah,hglandfieldg@cnet.com,Female,237.150.91.251
Benedetto,bfursseh@meetup.com,Male,49.207.232.121
Alejoa,abetjei@ow.ly,Male,174.21.32.5
Ebonee,emaddickj@patch.com,Female,85.135.182.186
