name,owner,address,phone,product-id
Niles Vockings,Ripley Holsey,61544 Commercial Pass,42,61
Charline Cotton,Joceline Elderbrant,89545 Commercial Drive,35,93
Tommi Iacoboni,Bernie Tembridge,7 Morrow Park,95,1
Sarajane Reveland,Heather Willey,3598 Hanover Lane,87,6
Wendel Pummery,Carma Spavins,7 Bellgrove Point,39,99
Gilles Maven,Chris Brabban,6020 Westerfield Drive,15,16
Lee Embra,Erminie Jordi,4498 Stephen Parkway,55,63
Lilias Lowry,Francene Riccard,16 Orin Lane,47,57
Norah Duxbarry,Tara Veld,874 Burrows Parkway,31,123
Iris Howcroft,Anthia Ropartz,83 Jenna Parkway,50,10
Dorri Crosseland,Roxy Legion,335 Barnett Crossing,32,8
Alecia Allibon,Darrell Rosenbloom,79541 Superior Trail,1,127
Jodie De Ath,Theo Iacovacci,48372 Evergreen Drive,29,54
Barnaby Teffrey,Haze Rodgerson,45565 Sommers Court,20,35
Loise Neesham,Tully Dutt,00 Riverside Circle,74,108
Yard Whitear,Patric Houdhury,07 Brown Crossing,77,103
Alexei Stubley,Annabel Yakob,9 Crowley Road,52,76
Taddeo Sare,Immanuel Slobom,5468 Buell Street,68,40
Mortimer Klais,Robinia Eschalette,7738 Bultman Crossing,90,1
Neddy Pierton,Bobbye Cosans,22 Vermont Road,44,120
Almeria Julian,Otto Roalfe,14 Bay Parkway,64,87
Lesley McLurg,Durante Heyball,75550 Fulton Plaza,32,121
Rosa Rosling,Jackson Sidsaff,9 Muir Avenue,39,17
Dwain Anthill,Dalton Treharne,340 West Parkway,89,64
Kenton Timlett,Barton Beards,319 Moland Street,46,26
Dyanne Ramiro,Erda Strass,53 Anthes Plaza,36,73
Arnoldo Millions,Moselle Di Bartolommeo,99828 Mccormick Plaza,81,123
Marielle Peres,Dalston Moggie,66677 Autumn Leaf Place,94,54
Odella Potten,Bell Gostage,9 Hoffman Road,32,92
Garnet Boagey,Dari Moisey,99 Ridgeview Hill,63,62
Giordano Ensley,Phillipe Nealy,359 Kensington Terrace,44,109
Emile Jeal,Sigvard Learmont,0232 Northview Plaza,18,34
Christyna Agutter,Lynna McKain,4 Fisk Court,34,6
Louis Lowndsborough,Tadeas Clandillon,4 Bayside Lane,3,72
Antin Corkhill,Caryn Reyne,10 Dixon Place,62,89
Joline Greenin,Larry Giorgioni,26001 Washington Drive,18,102
Hermine Lapwood,Arlin Laneham,93227 Sheridan Pass,46,125
Dusty Jerche,Hannis Brumbye,8 Northland Place,11,84
Katharine Lofts,Amye Geeritz,10 David Road,55,67
Ophelia Phippen,Brooks Wilcock,61 Eastlawn Plaza,90,103
Tabb Sollom,Sandi Kippin,5 Sachtjen Street,42,114
Ophelia Cassey,Jedidiah Juszczyk,07 Ludington Parkway,62,90
Jerry Tellwright,Willi Tomasino,15721 Butterfield Crossing,73,84
Anastasie McQuilty,Fee Gregori,23016 Prairie Rose Trail,28,117
Yvonne Gillie,Kiley Wills,662 Clyde Gallagher Hill,25,29
Elly Pietruszewicz,Wilmar Clubley,1811 Nova Drive,71,94
Ira McEntegart,Francoise Baverstock,8 Grayhawk Center,52,112
Traver Loveitt,Hymie McCully,4 Ruskin Lane,39,9
Zorana Wathey,Cullin Hartfield,02 Saint Paul Street,56,5
Mirna Giacomelli,Ginni Budcock,88 Bultman Point,52,75
Blakelee Munkley,Shepherd Gerrietz,480 Straubel Parkway,83,106
Esmeralda Burgin,Sophronia Evill,8 Division Street,34,121
Gar Esom,Bevvy Swarbrick,8644 Garrison Hill,73,29
Helli Poolman,Merissa Leyshon,9593 Valley Edge Avenue,77,84
Sara-ann Leacy,Roger Scoone,04059 High Crossing Pass,99,18
Pippa Manvell,Elliot Brisson,34767 Truax Parkway,5,64
Kiersten Enever,Kerstin Misken,90894 Hudson Junction,73,37
Nola McIlwaine,Rozelle Alfonsini,5194 Comanche Hill,40,42
Rivalee McVrone,Rosalind Snawden,662 Monterey Park,76,81
Jena Tonge,Kerwin Odams,6 Clyde Gallagher Parkway,91,50
Auria De Marchi,Nisse Jeppensen,73289 Banding Place,30,109
Clifford Heggie,Cobbie Downie,10898 Northridge Avenue,54,64
Shelley Dumbelton,Phylys Dewicke,62 Shoshone Way,73,73
Ganny Gott,Mara Whatman,7221 Lakewood Way,66,126
Celle Scarlett,Travus Lafferty,71646 1st Alley,53,97
Corney Dispencer,Sofia Huffy,8682 Toban Plaza,10,121
Clevey Dunseath,Mindy Incogna,42 Myrtle Way,54,93
Carolee Sprigg,Henka Lambol,0819 Florence Road,30,98
Othilia Bracco,Kahaleel McGarahan,708 Annamark Avenue,41,22
Roze Moffat,Dasie Brownlee,8 Amoth Alley,47,76
Clevey Nye,Del Fotheringham,38 Sundown Road,81,19
Odessa Zelland,Shannon Dowling,0 Debs Trail,17,67
Helaina Cejka,Lou Milroy,93 Village Place,14,63
Marja Vicker,Ronnie Quaif,885 Di Loreto Parkway,38,123
Marsiella Crumb,Lindsay Van Oord,7801 Union Alley,81,107
Margarette Snowsill,Aggie Tollow,9 Rusk Alley,96,98
Jorie Posnett,Danit Bloxham,21 Armistice Road,98,1
Miles Cotterill,Shelton Roscrigg,162 Sycamore Street,67,82
Dale Moverley,Maison Biggerdike,7 Drewry Road,40,48
Kesley Brogini,Cornie Hamel,8 5th Hill,38,5
Dorothy Dowderswell,Abra Lawful,64791 Laurel Road,15,32
Claudette Stebbin,Iain Ambroziak,5507 Derek Parkway,33,94
Shem Furnival,Augy Inott,34256 Roxbury Circle,27,37
Alwyn Gislebert,Genni Nyland,467 Melrose Drive,92,90
Dana Albert,Shirline Halloway,35285 Brickson Park Court,68,124
Adelind Rae,Belva O'Duane,8833 Becker Avenue,87,86
Tine Cesconi,Barbey Rozenbaum,818 Cherokee Street,55,59
Hollis Ife,Ethelbert Heardman,716 Troy Road,94,106
Winifield Cheves,Alvis Snell,7484 Thackeray Junction,99,10
Leann Pioch,Dorene McDell,03 Iowa Point,56,103
Marcie Chandler,Angelico Purches,950 Barnett Junction,80,65
Man Weatherburn,Yanaton Cowup,29 Sugar Hill,99,47
Avis Marke,Bryn Chatainier,26 Golf Way,62,18
Marleen McAughtry,Stefa Pettiward,20 Rockefeller Circle,69,111
Abigail Saer,Giorgio Grube,57938 Morrow Lane,38,75
Bertrand Wittering,Marjy Hessel,3167 Eggendart Road,53,107
Fair Vischi,Belinda Faulder,9 Mendota Parkway,97,121
Sinclare Doddrell,Mill Tarbatt,59961 Crest Line Pass,100,111
Tana Davitti,Augustina Demongeot,2 Hansons Road,71,39
Tania Rockcliffe,Tanner Puttock,69029 New Castle Junction,95,15
