name,amount,price,description,category_id
Mariele Redsall,48,49,integer a nibh in quis justo maecenas rhoncus aliquam lacus morbi quis tortor id nulla ultrices,2
Shirleen Galilee,54,1,amet eleifend pede libero quis orci nullam molestie nibh in lectus pellentesque,4
Carlynne Agronski,57,76,maecenas pulvinar lobortis est phasellus sit amet erat nulla tempus vivamus in felis eu sapien cursus vestibulum proin,3
Joyous Buttrick,80,48,in quam fringilla rhoncus mauris enim leo rhoncus sed vestibulum sit,3
Gabriela Pover,64,94,congue risus semper porta volutpat quam pede lobortis ligula sit amet eleifend pede libero quis,2
Emelita McKibben,83,71,eleifend pede libero quis orci nullam molestie nibh in lectus pellentesque at nulla suspendisse potenti cras in,3
Kameko Cona,31,40,commodo placerat praesent blandit nam nulla integer pede justo lacinia eget tincidunt eget tempus vel pede morbi porttitor lorem id,4
Hortense Betteridge,93,61,eleifend luctus ultricies eu nibh quisque id justo sit amet sapien dignissim vestibulum,1
Ahmad Lavelle,100,66,vestibulum quam sapien varius ut blandit non interdum in ante vestibulum ante ipsum primis in faucibus orci,3
Sandor Aucock,17,53,pellentesque eget nunc donec quis orci eget orci vehicula condimentum curabitur in libero ut massa volutpat convallis,4
Riccardo Fahy,25,6,sit amet diam in magna bibendum imperdiet nullam orci pede venenatis,3
Juliann Dittson,30,21,nulla tellus in sagittis dui vel nisl duis ac nibh fusce lacus purus aliquet,3
Brandais Keirle,13,43,adipiscing lorem vitae mattis nibh ligula nec sem duis aliquam convallis nunc proin,1
Britney Mayworth,5,54,consequat ut nulla sed accumsan felis ut at dolor quis odio consequat varius integer ac leo,1
Cinda Hellmore,49,15,suspendisse potenti nullam porttitor lacus at turpis donec posuere metus vitae,3
Karine Tandy,75,22,odio consequat varius integer ac leo pellentesque ultrices mattis odio donec vitae nisi nam,1
Krishna Ducker,19,44,odio donec vitae nisi nam ultrices libero non mattis pulvinar nulla pede ullamcorper augue a suscipit nulla elit ac,1
Michel Swanbourne,21,22,magna vulputate luctus cum sociis natoque penatibus et magnis dis parturient montes nascetur,3
Mario Lambricht,47,6,aliquam lacus morbi quis tortor id nulla ultrices aliquet maecenas leo odio condimentum id luctus nec,4
Lawry Fann,40,43,morbi non lectus aliquam sit amet diam in magna bibendum imperdiet nullam orci pede venenatis,1
Husein Lambregts,63,15,purus sit amet nulla quisque arcu libero rutrum ac lobortis vel,1
Ranice Rumke,97,49,metus vitae ipsum aliquam non mauris morbi non lectus aliquam sit amet diam in magna bibendum imperdiet nullam,3
Charis Fearby,72,96,faucibus cursus urna ut tellus nulla ut erat id mauris vulputate elementum nullam varius nulla facilisi cras non velit,3
Jourdain Issacoff,21,81,ut at dolor quis odio consequat varius integer ac leo pellentesque ultrices mattis odio,2
Rachelle Kirimaa,27,31,tellus nulla ut erat id mauris vulputate elementum nullam varius nulla facilisi cras,2
Josias Philipp,60,96,rutrum at lorem integer tincidunt ante vel ipsum praesent blandit lacinia erat vestibulum sed,2
Tally Duinbleton,54,62,justo in blandit ultrices enim lorem ipsum dolor sit amet consectetuer adipiscing elit proin interdum,3
Noel Waren,85,100,amet erat nulla tempus vivamus in felis eu sapien cursus vestibulum,3
Nicolis Kairns,43,97,amet lobortis sapien sapien non mi integer ac neque duis,3
Torey Rilton,21,88,nibh in quis justo maecenas rhoncus aliquam lacus morbi quis tortor,1
Humfrey Foulstone,75,93,sapien cursus vestibulum proin eu mi nulla ac enim in tempor turpis,1
Myra Rowbotham,63,98,quam pharetra magna ac consequat metus sapien ut nunc vestibulum ante ipsum primis in faucibus orci,1
Ivory Wickey,91,85,curabitur at ipsum ac tellus semper interdum mauris ullamcorper purus sit amet nulla quisque arcu libero rutrum,2
Clementius Robb,50,8,quis orci eget orci vehicula condimentum curabitur in libero ut,2
Egbert Fryd,80,61,erat volutpat in congue etiam justo etiam pretium iaculis justo in hac habitasse platea dictumst etiam faucibus cursus,1
Putnam Ralston,31,62,aliquam lacus morbi quis tortor id nulla ultrices aliquet maecenas leo odio condimentum id luctus nec molestie,3
Gabie Glison,47,3,ligula suspendisse ornare consequat lectus in est risus auctor sed,1
Ruttger Cardinal,65,11,non ligula pellentesque ultrices phasellus id sapien in sapien iaculis congue vivamus metus arcu adipiscing molestie hendrerit at,3
Waverly Russo,16,26,non mattis pulvinar nulla pede ullamcorper augue a suscipit nulla elit,4
Garrett Nettleship,75,61,diam erat fermentum justo nec condimentum neque sapien placerat ante nulla justo aliquam quis turpis eget elit sodales,2
Maureen McFarlan,49,89,hendrerit at vulputate vitae nisl aenean lectus pellentesque eget nunc donec quis orci eget,3
Freddie Robken,7,51,eget tempus vel pede morbi porttitor lorem id ligula suspendisse ornare consequat lectus in est risus auctor sed tristique in,4
Findley Braywood,64,21,tortor id nulla ultrices aliquet maecenas leo odio condimentum id,3
Frank Klyner,31,84,posuere cubilia curae duis faucibus accumsan odio curabitur convallis duis consequat dui nec nisi volutpat eleifend,2
Sashenka Matteucci,96,28,consequat metus sapien ut nunc vestibulum ante ipsum primis in,2
Cathi Castelyn,51,60,elementum pellentesque quisque porta volutpat erat quisque erat eros viverra eget congue eget semper,1
Doralia Boarder,42,21,venenatis non sodales sed tincidunt eu felis fusce posuere felis sed,1
Gustavus Murty,76,78,pellentesque ultrices mattis odio donec vitae nisi nam ultrices libero non mattis pulvinar nulla pede ullamcorper augue a suscipit,1
Ky Sharville,99,25,consequat metus sapien ut nunc vestibulum ante ipsum primis in faucibus orci,3
Kissie Millership,5,49,phasellus in felis donec semper sapien a libero nam dui proin leo odio porttitor id consequat in consequat ut nulla,2
Konstance Bubb,89,98,augue aliquam erat volutpat in congue etiam justo etiam pretium iaculis justo in hac habitasse,4
Aurelea Baldinotti,15,15,amet nunc viverra dapibus nulla suscipit ligula in lacus curabitur at ipsum ac tellus semper,3
Karol Bardsley,96,31,morbi sem mauris laoreet ut rhoncus aliquet pulvinar sed nisl,4
Willa Madden,53,62,vestibulum quam sapien varius ut blandit non interdum in ante,1
Garrett Vassano,49,98,eleifend donec ut dolor morbi vel lectus in quam fringilla rhoncus,2
Caryl Shipston,81,20,tristique est et tempus semper est quam pharetra magna ac consequat metus sapien ut nunc vestibulum ante,4
Clemmy Grattage,53,17,justo morbi ut odio cras mi pede malesuada in imperdiet et commodo vulputate,1
Demeter Paolotto,21,83,vestibulum ante ipsum primis in faucibus orci luctus et ultrices posuere cubilia,1
Donna Phythien,98,83,a odio in hac habitasse platea dictumst maecenas ut massa quis augue luctus tincidunt nulla mollis molestie,1
Kinny Paunsford,37,53,sed ante vivamus tortor duis mattis egestas metus aenean fermentum donec ut mauris,3
Amalie Pardon,38,7,in purus eu magna vulputate luctus cum sociis natoque penatibus et magnis dis parturient montes,2
Aprilette Simounet,11,57,in hac habitasse platea dictumst morbi vestibulum velit id pretium,3
Aveline Beebis,59,14,elit proin risus praesent lectus vestibulum quam sapien varius ut blandit non interdum,1
Alayne Faltin,80,33,sit amet cursus id turpis integer aliquet massa id lobortis convallis,1
Jacquelyn Atwater,46,18,tristique fusce congue diam id ornare imperdiet sapien urna pretium nisl ut volutpat,4
Arlene Tennick,9,1,etiam pretium iaculis justo in hac habitasse platea dictumst etiam faucibus cursus urna ut tellus nulla,2
Olympia Krysztofiak,23,16,nulla ultrices aliquet maecenas leo odio condimentum id luctus nec molestie sed justo pellentesque viverra pede,4
Whittaker Vasyukhnov,98,89,volutpat in congue etiam justo etiam pretium iaculis justo in hac habitasse platea dictumst etiam faucibus cursus urna ut tellus,4
Tammie Christer,73,42,velit donec diam neque vestibulum eget vulputate ut ultrices vel augue vestibulum ante ipsum primis in faucibus orci luctus,2
Alina Beachamp,83,1,sagittis dui vel nisl duis ac nibh fusce lacus purus aliquet at feugiat non,3
Margery MacGarvey,54,55,vel augue vestibulum rutrum rutrum neque aenean auctor gravida sem,1
Lizbeth Fernez,80,99,orci vehicula condimentum curabitur in libero ut massa volutpat convallis morbi odio odio elementum eu interdum eu tincidunt,3
Tiffani Gaskall,31,86,aliquam convallis nunc proin at turpis a pede posuere nonummy integer non velit donec diam neque vestibulum,3
Maxie Brackpool,73,6,parturient montes nascetur ridiculus mus vivamus vestibulum sagittis sapien cum sociis natoque penatibus et,3
Mikey Marklund,93,5,sed ante vivamus tortor duis mattis egestas metus aenean fermentum donec ut,3
Derwin Dowey,66,98,nisl venenatis lacinia aenean sit amet justo morbi ut odio cras mi,3
Hanan Diess,18,16,convallis eget eleifend luctus ultricies eu nibh quisque id justo sit,1
Anatole Grimshaw,47,34,luctus ultricies eu nibh quisque id justo sit amet sapien dignissim vestibulum,1
Nickolaus Birks,56,29,vitae nisi nam ultrices libero non mattis pulvinar nulla pede ullamcorper augue a,4
Konstantine Wakeling,76,27,nascetur ridiculus mus etiam vel augue vestibulum rutrum rutrum neque aenean auctor gravida sem praesent id massa id nisl venenatis,1
Harald Paulucci,29,1,sapien ut nunc vestibulum ante ipsum primis in faucibus orci luctus et ultrices posuere cubilia curae mauris viverra,3
Pat Threlfall,9,22,pharetra magna vestibulum aliquet ultrices erat tortor sollicitudin mi sit amet lobortis sapien sapien non mi integer ac neque duis,3
Artair Vellden,1,19,in porttitor pede justo eu massa donec dapibus duis at velit eu est congue elementum,1
Joye Fanstone,54,7,pretium iaculis justo in hac habitasse platea dictumst etiam faucibus cursus urna ut,2
Leodora Gambie,66,70,habitasse platea dictumst aliquam augue quam sollicitudin vitae consectetuer eget rutrum at lorem integer,4
Elset Priestner,47,84,quam sapien varius ut blandit non interdum in ante vestibulum ante ipsum primis in faucibus orci,2
Samson Owttrim,76,96,nisl venenatis lacinia aenean sit amet justo morbi ut odio cras mi pede malesuada in imperdiet et commodo vulputate justo,3
Drusie Shivell,75,73,aliquam non mauris morbi non lectus aliquam sit amet diam in magna bibendum imperdiet nullam orci pede,2
Neely Sell,78,15,potenti in eleifend quam a odio in hac habitasse platea dictumst maecenas ut massa quis augue luctus tincidunt nulla,3
Roda Pietersen,1,2,odio justo sollicitudin ut suscipit a feugiat et eros vestibulum ac est lacinia nisi,3
Leonidas Gilardoni,87,76,molestie hendrerit at vulputate vitae nisl aenean lectus pellentesque eget nunc donec,1
Beckie Gove,97,12,metus arcu adipiscing molestie hendrerit at vulputate vitae nisl aenean lectus pellentesque,3
Natassia Faithfull,46,35,vestibulum ante ipsum primis in faucibus orci luctus et ultrices posuere cubilia,3
Lauralee Crimp,4,97,congue eget semper rutrum nulla nunc purus phasellus in felis donec,4
Othelia Wedmore.,2,60,in porttitor pede justo eu massa donec dapibus duis at velit eu est congue elementum in hac,4
Suzi Dominka,23,88,ut mauris eget massa tempor convallis nulla neque libero convallis eget eleifend,4
Thomasa Geck,1,66,in sagittis dui vel nisl duis ac nibh fusce lacus purus aliquet at feugiat non pretium quis lectus,1
Loralyn Adamowicz,97,10,ac consequat metus sapien ut nunc vestibulum ante ipsum primis in faucibus orci luctus et ultrices posuere cubilia curae mauris,3
Sydney McLice,43,5,elit ac nulla sed vel enim sit amet nunc viverra dapibus nulla suscipit ligula in,3
Evey Chupin,52,35,aenean fermentum donec ut mauris eget massa tempor convallis nulla neque libero convallis eget eleifend luctus ultricies,1
